{
  "version": "v12j-v2",
  "results": {
    "v11g(基线)": {
      "total": 1465,
      "wins": 915,
      "win_rate": 62.5,
      "pnl": 1096.11,
      "balance": 2096.11,
      "ret": 109.6,
      "dd": 13.82,
      "pf": 1.27,
      "profit_months": 22,
      "total_months": 34,
      "long": {
        "count": 1260,
        "wins": 775,
        "pnl": 850.1575663289307
      },
      "short": {
        "count": 205,
        "wins": 140,
        "pnl": 245.94977436601562
      },
      "v8_stats": {
        "V8=6.5": {
          "count": 859,
          "wins": 514,
          "pnl": -174.97550604624539
        },
        "V8=4.0": {
          "count": 606,
          "wins": 401,
          "pnl": 1271.0828467411925
        }
      }
    },
    "v12j-G": {
      "total": 1465,
      "wins": 915,
      "win_rate": 62.5,
      "pnl": 1277.6,
      "balance": 2277.6,
      "ret": 127.8,
      "dd": 11.83,
      "pf": 1.4,
      "profit_months": 26,
      "total_months": 34,
      "long": {
        "count": 1260,
        "wins": 775,
        "pnl": 1006.0632468995693
      },
      "short": {
        "count": 205,
        "wins": 140,
        "pnl": 271.53795687554225
      },
      "v8_stats": {
        "V8=6.5": {
          "count": 859,
          "wins": 514,
          "pnl": -88.63317584777812
        },
        "V8=4.0": {
          "count": 606,
          "wins": 401,
          "pnl": 1366.2343796228897
        }
      }
    },
    "v12j-H": {
      "total": 618,
      "wins": 409,
      "win_rate": 66.2,
      "pnl": 1077.49,
      "balance": 2077.49,
      "ret": 107.7,
      "dd": 11.92,
      "pf": 1.51,
      "profit_months": 26,
      "total_months": 34,
      "long": {
        "count": 495,
        "wins": 320,
        "pnl": 853.1587816138788
      },
      "short": {
        "count": 123,
        "wins": 89,
        "pnl": 224.3313725974081
      },
      "v8_stats": {
        "V8=4.0": {
          "count": 618,
          "wins": 409,
          "pnl": 1077.490154211287
        }
      }
    },
    "v12j-I": {
      "total": 1371,
      "wins": 856,
      "win_rate": 62.4,
      "pnl": 1227.58,
      "balance": 2227.58,
      "ret": 122.8,
      "dd": 11.72,
      "pf": 1.46,
      "profit_months": 26,
      "total_months": 34,
      "long": {
        "count": 1260,
        "wins": 775,
        "pnl": 954.6697392957022
      },
      "short": {
        "count": 111,
        "wins": 81,
        "pnl": 272.9135845861841
      },
      "v8_stats": {
        "V8=6.5": {
          "count": 765,
          "wins": 455,
          "pnl": -44.96740169535164
        },
        "V8=4.0": {
          "count": 606,
          "wins": 401,
          "pnl": 1272.5507255772377
        }
      }
    },
    "v12j-J": {
      "total": 1465,
      "wins": 915,
      "win_rate": 62.5,
      "pnl": 1301.24,
      "balance": 2301.24,
      "ret": 130.1,
      "dd": 12.4,
      "pf": 1.43,
      "profit_months": 26,
      "total_months": 34,
      "long": {
        "count": 1260,
        "wins": 775,
        "pnl": 1037.5028248665487
      },
      "short": {
        "count": 205,
        "wins": 140,
        "pnl": 263.736538486073
      },
      "v8_stats": {
        "V8=6.5": {
          "count": 859,
          "wins": 514,
          "pnl": -51.803569866304855
        },
        "V8=4.0": {
          "count": 606,
          "wins": 401,
          "pnl": 1353.0429332189258
        }
      }
    },
    "v12j-K": {
      "total": 703,
      "wins": 462,
      "win_rate": 65.7,
      "pnl": 1135.28,
      "balance": 2135.28,
      "ret": 113.5,
      "dd": 12.46,
      "pf": 1.51,
      "profit_months": 27,
      "total_months": 34,
      "long": {
        "count": 495,
        "wins": 320,
        "pnl": 901.0099036002792
      },
      "short": {
        "count": 208,
        "wins": 142,
        "pnl": 234.27045792768286
      },
      "v8_stats": {
        "V8=4.0": {
          "count": 606,
          "wins": 401,
          "pnl": 1165.143772953282
        },
        "V8=6.5": {
          "count": 94,
          "wins": 59,
          "pnl": -30.18620401189862
        },
        "V8=7.8": {
          "count": 3,
          "wins": 2,
          "pnl": 0.322792586579018
        }
      }
    },
    "v12j-L": {
      "total": 618,
      "wins": 409,
      "win_rate": 66.2,
      "pnl": 1316.78,
      "balance": 2316.78,
      "ret": 131.7,
      "dd": 13.66,
      "pf": 1.52,
      "profit_months": 26,
      "total_months": 34,
      "long": {
        "count": 495,
        "wins": 320,
        "pnl": 1049.2930169618476
      },
      "short": {
        "count": 123,
        "wins": 89,
        "pnl": 267.49042869335574
      },
      "v8_stats": {
        "V8=4.0": {
          "count": 618,
          "wins": 409,
          "pnl": 1316.7834456552036
        }
      }
    },
    "v12j-M": {
      "total": 618,
      "wins": 409,
      "win_rate": 66.2,
      "pnl": 1114.76,
      "balance": 2114.76,
      "ret": 111.5,
      "dd": 11.25,
      "pf": 1.55,
      "profit_months": 27,
      "total_months": 34,
      "long": {
        "count": 495,
        "wins": 320,
        "pnl": 881.2267467116448
      },
      "short": {
        "count": 123,
        "wins": 89,
        "pnl": 233.53693551452676
      },
      "v8_stats": {
        "V8=4.0": {
          "count": 618,
          "wins": 409,
          "pnl": 1114.7636822261713
        }
      }
    },
    "v12j-N": {
      "total": 618,
      "wins": 409,
      "win_rate": 66.2,
      "pnl": 1470.84,
      "balance": 2470.84,
      "ret": 147.1,
      "dd": 13.16,
      "pf": 1.56,
      "profit_months": 28,
      "total_months": 34,
      "long": {
        "count": 495,
        "wins": 320,
        "pnl": 984.6723336062693
      },
      "short": {
        "count": 123,
        "wins": 89,
        "pnl": 486.1697602059804
      },
      "v8_stats": {
        "V8=4.0": {
          "count": 618,
          "wins": 409,
          "pnl": 1470.8420938122492
        }
      }
    }
  }
}